文章标题,作者,时间,阅读量,评论,喜欢,赞赏数,文章地址
最慢的北京,超低空,2018-04-29T19:10:47+08:00,2492584,46,89,1,http://www.jianshu.com/p/2cc0cf37f8a0
无关抵制，只有守护-记安庆的反垃圾焚烧维权,石非玉amian,2018-05-03T15:51:11+08:00,80983,164,231,153,http://www.jianshu.com/p/86b4a8cf96fd
小白经济学丨结婚后发现不合适，到底应不应该将就着过？,大墨丨小白经济学,2018-05-03T10:23:19+08:00,23946,144,787,7,http://www.jianshu.com/p/f0d1607093ba
#新中式宠妈艺术# 妈妈平凡的故事,望_5b2e,2018-05-03T00:55:24+08:00,38275,432,265,0,http://www.jianshu.com/p/e7cfc7b9b278
当我们谈论游戏时，我们在谈论什么？,衷曲无闻,2018-04-28T19:40:13+08:00,20985,124,733,2,http://www.jianshu.com/p/44b85c4c28c5
【心畫】题龙阳县青草湖·元·唐珙（gong3）,半暇,2018-05-07T04:51:10+08:00,35094,475,68,0,http://www.jianshu.com/p/474b22fcbf42
15秒的抖音为什么一刷就是几个小时？,专三千,2018-05-02T15:54:23+08:00,18846,249,486,1,http://www.jianshu.com/p/53e34324432f
一年时间亲测20个时间管理方法，最终留下手帐，提升效率,九月麦地Wheat,2018-04-28T15:22:42+08:00,付费,14952,37,833,http://www.jianshu.com/p/d0334e23a3a6
我没有那么好。你愿不愿意做我的朋友。,傲娇的胆小鬼,2018-04-25T02:07:48+08:00,12225,1340,253,4,http://www.jianshu.com/p/5cd09251dfc9
“40岁以上的员工，请自觉离开！”,赵晓璃,2018-05-03T22:52:03+08:00,18221,97,563,0,http://www.jianshu.com/p/590102c74d0d
#新中式宠妈艺术# 言不尽，恩不止,我名字长看看我可以吗,2018-05-03T02:06:35+08:00,35808,213,254,0,http://www.jianshu.com/p/468e226b3650
被论文毁掉的中国大学生,黑眼豆豆写字的地方,2018-05-02T09:11:21+08:00,15357,185,437,0,http://www.jianshu.com/p/5c4b235e3bf4
像我这样的普通人,一只辣椒,2018-05-02T10:50:47+08:00,5252,508,65,0,http://www.jianshu.com/p/2a37ded431bc
公务员一年，我成了政府大院第一个开路虎的人,妖精婆婆,2018-04-25T11:45:35+08:00,16691,301,296,0,http://www.jianshu.com/p/7c37930f6c0e
读书不是用来炫耀的,良大师,2018-04-23T19:15:43+08:00,17342,149,499,2,http://www.jianshu.com/p/64070ed04388
《后来的我们》：无法跟喜欢的人在一起，其实是人生的常态,衷曲无闻,2018-04-30T08:15:53+08:00,16902,156,507,2,http://www.jianshu.com/p/22c5b6081eac
在被抖音轰炸死之前，你还差多少空虚?,知乎王小七,2018-04-23T16:00:27+08:00,10329,86,517,6,http://www.jianshu.com/p/091250bc8092
怎样发自拍不会让人反感？,井底女蛙,2018-05-03T09:35:20+08:00,16571,116,387,10,http://www.jianshu.com/p/5a3791af8a4b
423故事节|无戒，我第一个见面的简友,卡兰诺,2018-05-01T19:54:56+08:00,付费,4021,329,159,http://www.jianshu.com/p/c5194312e44e
未来男朋友，我在等风也等你,青青子衿s,2018-05-02T15:02:18+08:00,5710,373,104,0,http://www.jianshu.com/p/6b0c5fcbae65
最慢的北京,超低空,2018-04-29T19:10:47+08:00,2492587,46,89,1,http://www.jianshu.com/p/2cc0cf37f8a0
无关抵制，只有守护-记安庆的反垃圾焚烧维权,石非玉amian,2018-05-03T15:51:11+08:00,80983,164,231,153,http://www.jianshu.com/p/86b4a8cf96fd
小白经济学丨结婚后发现不合适，到底应不应该将就着过？,大墨丨小白经济学,2018-05-03T10:23:19+08:00,23946,144,787,7,http://www.jianshu.com/p/f0d1607093ba
#新中式宠妈艺术# 妈妈平凡的故事,望_5b2e,2018-05-03T00:55:24+08:00,38275,432,265,0,http://www.jianshu.com/p/e7cfc7b9b278
当我们谈论游戏时，我们在谈论什么？,衷曲无闻,2018-04-28T19:40:13+08:00,20985,124,733,2,http://www.jianshu.com/p/44b85c4c28c5
【心畫】题龙阳县青草湖·元·唐珙（gong3）,半暇,2018-05-07T04:51:10+08:00,35094,475,68,0,http://www.jianshu.com/p/474b22fcbf42
15秒的抖音为什么一刷就是几个小时？,专三千,2018-05-02T15:54:23+08:00,18846,249,486,1,http://www.jianshu.com/p/53e34324432f
一年时间亲测20个时间管理方法，最终留下手帐，提升效率,九月麦地Wheat,2018-04-28T15:22:42+08:00,付费,14952,37,833,http://www.jianshu.com/p/d0334e23a3a6
我没有那么好。你愿不愿意做我的朋友。,傲娇的胆小鬼,2018-04-25T02:07:48+08:00,12225,1340,253,4,http://www.jianshu.com/p/5cd09251dfc9
“40岁以上的员工，请自觉离开！”,赵晓璃,2018-05-03T22:52:03+08:00,18221,97,563,0,http://www.jianshu.com/p/590102c74d0d
#新中式宠妈艺术# 言不尽，恩不止,我名字长看看我可以吗,2018-05-03T02:06:35+08:00,35808,213,254,0,http://www.jianshu.com/p/468e226b3650
被论文毁掉的中国大学生,黑眼豆豆写字的地方,2018-05-02T09:11:21+08:00,15357,185,437,0,http://www.jianshu.com/p/5c4b235e3bf4
像我这样的普通人,一只辣椒,2018-05-02T10:50:47+08:00,5252,508,65,0,http://www.jianshu.com/p/2a37ded431bc
公务员一年，我成了政府大院第一个开路虎的人,妖精婆婆,2018-04-25T11:45:35+08:00,16692,301,296,0,http://www.jianshu.com/p/7c37930f6c0e
读书不是用来炫耀的,良大师,2018-04-23T19:15:43+08:00,17342,149,499,2,http://www.jianshu.com/p/64070ed04388
《后来的我们》：无法跟喜欢的人在一起，其实是人生的常态,衷曲无闻,2018-04-30T08:15:53+08:00,16902,156,507,2,http://www.jianshu.com/p/22c5b6081eac
在被抖音轰炸死之前，你还差多少空虚?,知乎王小七,2018-04-23T16:00:27+08:00,10329,86,517,6,http://www.jianshu.com/p/091250bc8092
怎样发自拍不会让人反感？,井底女蛙,2018-05-03T09:35:20+08:00,16571,116,387,10,http://www.jianshu.com/p/5a3791af8a4b
423故事节|无戒，我第一个见面的简友,卡兰诺,2018-05-01T19:54:56+08:00,付费,4021,329,159,http://www.jianshu.com/p/c5194312e44e
未来男朋友，我在等风也等你,青青子衿s,2018-05-02T15:02:18+08:00,5710,373,104,0,http://www.jianshu.com/p/6b0c5fcbae65
最慢的北京,超低空,2018-04-29T19:10:47+08:00,2492589,46,89,1,http://www.jianshu.com/p/2cc0cf37f8a0
无关抵制，只有守护-记安庆的反垃圾焚烧维权,石非玉amian,2018-05-03T15:51:11+08:00,80983,164,231,153,http://www.jianshu.com/p/86b4a8cf96fd
小白经济学丨结婚后发现不合适，到底应不应该将就着过？,大墨丨小白经济学,2018-05-03T10:23:19+08:00,23946,144,787,7,http://www.jianshu.com/p/f0d1607093ba
#新中式宠妈艺术# 妈妈平凡的故事,望_5b2e,2018-05-03T00:55:24+08:00,38275,432,265,0,http://www.jianshu.com/p/e7cfc7b9b278
当我们谈论游戏时，我们在谈论什么？,衷曲无闻,2018-04-28T19:40:13+08:00,20985,124,733,2,http://www.jianshu.com/p/44b85c4c28c5
【心畫】题龙阳县青草湖·元·唐珙（gong3）,半暇,2018-05-07T04:51:10+08:00,35094,475,68,0,http://www.jianshu.com/p/474b22fcbf42
15秒的抖音为什么一刷就是几个小时？,专三千,2018-05-02T15:54:23+08:00,18846,249,486,1,http://www.jianshu.com/p/53e34324432f
一年时间亲测20个时间管理方法，最终留下手帐，提升效率,九月麦地Wheat,2018-04-28T15:22:42+08:00,付费,14953,37,833,http://www.jianshu.com/p/d0334e23a3a6
我没有那么好。你愿不愿意做我的朋友。,傲娇的胆小鬼,2018-04-25T02:07:48+08:00,12225,1340,253,4,http://www.jianshu.com/p/5cd09251dfc9
“40岁以上的员工，请自觉离开！”,赵晓璃,2018-05-03T22:52:03+08:00,18221,97,563,0,http://www.jianshu.com/p/590102c74d0d
#新中式宠妈艺术# 言不尽，恩不止,我名字长看看我可以吗,2018-05-03T02:06:35+08:00,35808,213,254,0,http://www.jianshu.com/p/468e226b3650
被论文毁掉的中国大学生,黑眼豆豆写字的地方,2018-05-02T09:11:21+08:00,15357,185,437,0,http://www.jianshu.com/p/5c4b235e3bf4
像我这样的普通人,一只辣椒,2018-05-02T10:50:47+08:00,5252,508,65,0,http://www.jianshu.com/p/2a37ded431bc
公务员一年，我成了政府大院第一个开路虎的人,妖精婆婆,2018-04-25T11:45:35+08:00,16692,301,296,0,http://www.jianshu.com/p/7c37930f6c0e
读书不是用来炫耀的,良大师,2018-04-23T19:15:43+08:00,17342,149,499,2,http://www.jianshu.com/p/64070ed04388
《后来的我们》：无法跟喜欢的人在一起，其实是人生的常态,衷曲无闻,2018-04-30T08:15:53+08:00,16902,156,507,2,http://www.jianshu.com/p/22c5b6081eac
在被抖音轰炸死之前，你还差多少空虚?,知乎王小七,2018-04-23T16:00:27+08:00,10329,86,517,6,http://www.jianshu.com/p/091250bc8092
怎样发自拍不会让人反感？,井底女蛙,2018-05-03T09:35:20+08:00,16571,116,387,10,http://www.jianshu.com/p/5a3791af8a4b
423故事节|无戒，我第一个见面的简友,卡兰诺,2018-05-01T19:54:56+08:00,付费,4021,329,159,http://www.jianshu.com/p/c5194312e44e
未来男朋友，我在等风也等你,青青子衿s,2018-05-02T15:02:18+08:00,5710,373,104,0,http://www.jianshu.com/p/6b0c5fcbae65
最慢的北京,超低空,2018-04-29T19:10:47+08:00,2492591,46,89,1,http://www.jianshu.com/p/2cc0cf37f8a0
无关抵制，只有守护-记安庆的反垃圾焚烧维权,石非玉amian,2018-05-03T15:51:11+08:00,80983,164,231,153,http://www.jianshu.com/p/86b4a8cf96fd
小白经济学丨结婚后发现不合适，到底应不应该将就着过？,大墨丨小白经济学,2018-05-03T10:23:19+08:00,23946,144,787,7,http://www.jianshu.com/p/f0d1607093ba
#新中式宠妈艺术# 妈妈平凡的故事,望_5b2e,2018-05-03T00:55:24+08:00,38275,432,265,0,http://www.jianshu.com/p/e7cfc7b9b278
当我们谈论游戏时，我们在谈论什么？,衷曲无闻,2018-04-28T19:40:13+08:00,20985,124,733,2,http://www.jianshu.com/p/44b85c4c28c5
【心畫】题龙阳县青草湖·元·唐珙（gong3）,半暇,2018-05-07T04:51:10+08:00,35094,475,68,0,http://www.jianshu.com/p/474b22fcbf42
15秒的抖音为什么一刷就是几个小时？,专三千,2018-05-02T15:54:23+08:00,18846,249,486,1,http://www.jianshu.com/p/53e34324432f
一年时间亲测20个时间管理方法，最终留下手帐，提升效率,九月麦地Wheat,2018-04-28T15:22:42+08:00,付费,14953,37,833,http://www.jianshu.com/p/d0334e23a3a6
我没有那么好。你愿不愿意做我的朋友。,傲娇的胆小鬼,2018-04-25T02:07:48+08:00,12225,1340,253,4,http://www.jianshu.com/p/5cd09251dfc9
“40岁以上的员工，请自觉离开！”,赵晓璃,2018-05-03T22:52:03+08:00,18221,97,563,0,http://www.jianshu.com/p/590102c74d0d
#新中式宠妈艺术# 言不尽，恩不止,我名字长看看我可以吗,2018-05-03T02:06:35+08:00,35808,213,254,0,http://www.jianshu.com/p/468e226b3650
被论文毁掉的中国大学生,黑眼豆豆写字的地方,2018-05-02T09:11:21+08:00,15357,185,437,0,http://www.jianshu.com/p/5c4b235e3bf4
像我这样的普通人,一只辣椒,2018-05-02T10:50:47+08:00,5252,508,65,0,http://www.jianshu.com/p/2a37ded431bc
公务员一年，我成了政府大院第一个开路虎的人,妖精婆婆,2018-04-25T11:45:35+08:00,16692,301,296,0,http://www.jianshu.com/p/7c37930f6c0e
读书不是用来炫耀的,良大师,2018-04-23T19:15:43+08:00,17342,149,499,2,http://www.jianshu.com/p/64070ed04388
《后来的我们》：无法跟喜欢的人在一起，其实是人生的常态,衷曲无闻,2018-04-30T08:15:53+08:00,16902,156,507,2,http://www.jianshu.com/p/22c5b6081eac
在被抖音轰炸死之前，你还差多少空虚?,知乎王小七,2018-04-23T16:00:27+08:00,10329,86,517,6,http://www.jianshu.com/p/091250bc8092
怎样发自拍不会让人反感？,井底女蛙,2018-05-03T09:35:20+08:00,16571,116,387,10,http://www.jianshu.com/p/5a3791af8a4b
423故事节|无戒，我第一个见面的简友,卡兰诺,2018-05-01T19:54:56+08:00,付费,4021,329,159,http://www.jianshu.com/p/c5194312e44e
未来男朋友，我在等风也等你,青青子衿s,2018-05-02T15:02:18+08:00,5710,373,104,0,http://www.jianshu.com/p/6b0c5fcbae65
最慢的北京,超低空,2018-04-29T19:10:47+08:00,2492593,46,89,1,http://www.jianshu.com/p/2cc0cf37f8a0
无关抵制，只有守护-记安庆的反垃圾焚烧维权,石非玉amian,2018-05-03T15:51:11+08:00,80983,164,231,153,http://www.jianshu.com/p/86b4a8cf96fd
小白经济学丨结婚后发现不合适，到底应不应该将就着过？,大墨丨小白经济学,2018-05-03T10:23:19+08:00,23946,144,787,7,http://www.jianshu.com/p/f0d1607093ba
#新中式宠妈艺术# 妈妈平凡的故事,望_5b2e,2018-05-03T00:55:24+08:00,38275,432,265,0,http://www.jianshu.com/p/e7cfc7b9b278
当我们谈论游戏时，我们在谈论什么？,衷曲无闻,2018-04-28T19:40:13+08:00,20985,124,733,2,http://www.jianshu.com/p/44b85c4c28c5
【心畫】题龙阳县青草湖·元·唐珙（gong3）,半暇,2018-05-07T04:51:10+08:00,35094,475,68,0,http://www.jianshu.com/p/474b22fcbf42
15秒的抖音为什么一刷就是几个小时？,专三千,2018-05-02T15:54:23+08:00,18846,249,486,1,http://www.jianshu.com/p/53e34324432f
一年时间亲测20个时间管理方法，最终留下手帐，提升效率,九月麦地Wheat,2018-04-28T15:22:42+08:00,付费,14953,37,833,http://www.jianshu.com/p/d0334e23a3a6
我没有那么好。你愿不愿意做我的朋友。,傲娇的胆小鬼,2018-04-25T02:07:48+08:00,12225,1340,253,4,http://www.jianshu.com/p/5cd09251dfc9
“40岁以上的员工，请自觉离开！”,赵晓璃,2018-05-03T22:52:03+08:00,18221,97,563,0,http://www.jianshu.com/p/590102c74d0d
#新中式宠妈艺术# 言不尽，恩不止,我名字长看看我可以吗,2018-05-03T02:06:35+08:00,35808,213,254,0,http://www.jianshu.com/p/468e226b3650
被论文毁掉的中国大学生,黑眼豆豆写字的地方,2018-05-02T09:11:21+08:00,15357,185,437,0,http://www.jianshu.com/p/5c4b235e3bf4
像我这样的普通人,一只辣椒,2018-05-02T10:50:47+08:00,5252,508,65,0,http://www.jianshu.com/p/2a37ded431bc
公务员一年，我成了政府大院第一个开路虎的人,妖精婆婆,2018-04-25T11:45:35+08:00,16692,301,296,0,http://www.jianshu.com/p/7c37930f6c0e
读书不是用来炫耀的,良大师,2018-04-23T19:15:43+08:00,17342,149,499,2,http://www.jianshu.com/p/64070ed04388
《后来的我们》：无法跟喜欢的人在一起，其实是人生的常态,衷曲无闻,2018-04-30T08:15:53+08:00,16902,156,507,2,http://www.jianshu.com/p/22c5b6081eac
在被抖音轰炸死之前，你还差多少空虚?,知乎王小七,2018-04-23T16:00:27+08:00,10329,86,517,6,http://www.jianshu.com/p/091250bc8092
怎样发自拍不会让人反感？,井底女蛙,2018-05-03T09:35:20+08:00,16571,116,387,10,http://www.jianshu.com/p/5a3791af8a4b
423故事节|无戒，我第一个见面的简友,卡兰诺,2018-05-01T19:54:56+08:00,付费,4021,329,159,http://www.jianshu.com/p/c5194312e44e
未来男朋友，我在等风也等你,青青子衿s,2018-05-02T15:02:18+08:00,5710,373,104,0,http://www.jianshu.com/p/6b0c5fcbae65
最慢的北京,超低空,2018-04-29T19:10:47+08:00,2492596,46,89,1,http://www.jianshu.com/p/2cc0cf37f8a0
无关抵制，只有守护-记安庆的反垃圾焚烧维权,石非玉amian,2018-05-03T15:51:11+08:00,80983,164,231,153,http://www.jianshu.com/p/86b4a8cf96fd
小白经济学丨结婚后发现不合适，到底应不应该将就着过？,大墨丨小白经济学,2018-05-03T10:23:19+08:00,23946,144,787,7,http://www.jianshu.com/p/f0d1607093ba
#新中式宠妈艺术# 妈妈平凡的故事,望_5b2e,2018-05-03T00:55:24+08:00,38275,432,265,0,http://www.jianshu.com/p/e7cfc7b9b278
当我们谈论游戏时，我们在谈论什么？,衷曲无闻,2018-04-28T19:40:13+08:00,20985,124,733,2,http://www.jianshu.com/p/44b85c4c28c5
【心畫】题龙阳县青草湖·元·唐珙（gong3）,半暇,2018-05-07T04:51:10+08:00,35094,475,68,0,http://www.jianshu.com/p/474b22fcbf42
15秒的抖音为什么一刷就是几个小时？,专三千,2018-05-02T15:54:23+08:00,18846,249,486,1,http://www.jianshu.com/p/53e34324432f
一年时间亲测20个时间管理方法，最终留下手帐，提升效率,九月麦地Wheat,2018-04-28T15:22:42+08:00,付费,14953,37,833,http://www.jianshu.com/p/d0334e23a3a6
我没有那么好。你愿不愿意做我的朋友。,傲娇的胆小鬼,2018-04-25T02:07:48+08:00,12225,1340,253,4,http://www.jianshu.com/p/5cd09251dfc9
“40岁以上的员工，请自觉离开！”,赵晓璃,2018-05-03T22:52:03+08:00,18221,97,563,0,http://www.jianshu.com/p/590102c74d0d
#新中式宠妈艺术# 言不尽，恩不止,我名字长看看我可以吗,2018-05-03T02:06:35+08:00,35808,213,254,0,http://www.jianshu.com/p/468e226b3650
被论文毁掉的中国大学生,黑眼豆豆写字的地方,2018-05-02T09:11:21+08:00,15357,185,437,0,http://www.jianshu.com/p/5c4b235e3bf4
像我这样的普通人,一只辣椒,2018-05-02T10:50:47+08:00,5252,508,65,0,http://www.jianshu.com/p/2a37ded431bc
公务员一年，我成了政府大院第一个开路虎的人,妖精婆婆,2018-04-25T11:45:35+08:00,16692,301,296,0,http://www.jianshu.com/p/7c37930f6c0e
读书不是用来炫耀的,良大师,2018-04-23T19:15:43+08:00,17342,149,499,2,http://www.jianshu.com/p/64070ed04388
《后来的我们》：无法跟喜欢的人在一起，其实是人生的常态,衷曲无闻,2018-04-30T08:15:53+08:00,16902,156,507,2,http://www.jianshu.com/p/22c5b6081eac
在被抖音轰炸死之前，你还差多少空虚?,知乎王小七,2018-04-23T16:00:27+08:00,10329,86,517,6,http://www.jianshu.com/p/091250bc8092
怎样发自拍不会让人反感？,井底女蛙,2018-05-03T09:35:20+08:00,16571,116,387,10,http://www.jianshu.com/p/5a3791af8a4b
423故事节|无戒，我第一个见面的简友,卡兰诺,2018-05-01T19:54:56+08:00,付费,4021,329,159,http://www.jianshu.com/p/c5194312e44e
未来男朋友，我在等风也等你,青青子衿s,2018-05-02T15:02:18+08:00,5710,373,104,0,http://www.jianshu.com/p/6b0c5fcbae65
